<?xml version="1.0" encoding="utf-8" ?>
<!DOCTYPE article PUBLIC "-//NLM//DTD JATS (Z39.96) Journal Archiving
and Interchange DTD v1.2 20190208//EN" "JATS-archivearticle1.dtd">

<article xmlns:mml="http://www.w3.org/1998/Math/MathML" xmlns:xlink="http://www.w3.org/1999/xlink" dtd-version="1.2" article-type="other">

<front>


<article-meta>


<title-group>
<article-title>Яка машиночитаність потрібна для доступності використання
відкритих даних</article-title>
</title-group>

<contrib-group>
<contrib contrib-type="author" corresp="yes">
<name>
<surname>Кузін</surname>
<given-names>Микола</given-names>
</name>
<string-name>Микола Кузін</string-name>

<email>m.kuzin@brdo.com.ua</email>
<xref ref-type="aff" rid="aff-1">a</xref>
<xref ref-type="corresp" rid="cor-1">&#x002A;</xref>
</contrib>
</contrib-group>
<aff id="aff-1">
<institution-wrap>
<institution>BRDO</institution>
</institution-wrap>







</aff>
<author-notes>
<corresp id="cor-1">m.kuzin@brdo.com.ua</corresp>
</author-notes>









<history></history>


<abstract>
<p>Машиночитаність — широкий термін, що може позначати як технічні
вимоги до оформлення веб-ресурсів, що уможливлює їхню автоматизовану
взаємодію в мережі Інтернет (для прикладу, концепція 5-Star Linked
Data), так і доступність (легкість) автоматизованої обробки з боку живих
користувачів. За кожним з цих значень стоять різні стандарти та практики
— і ці значення слід розрізняти між собою, готуючи набори відкритих
даних до публікації.</p>
</abstract>
<kwd-group kwd-group-type="author">
<kwd>машиночитаність</kwd>
<kwd>відкриті дані</kwd>
</kwd-group>




</article-meta>

</front>

<body>
<sec id="відкриті-дані-вільний-доступ-vs-доступність-використання">
  <title>1 Відкриті дані: вільний доступ vs доступність
  використання</title>
  <p>За визначенням Open Knowledge Foundation —розробників CKAN, на якій
  реалізований український Портал відкритих даних — “відкритість” даних
  полягає в тому, що будь-хто може мати до них вільний доступ, вільно
  використовувати, змінювати та ділитися
  ними<xref ref-type="fn" rid="fn1">1</xref>.</p>
  <p><ext-link ext-link-type="uri" xlink:href="https://aims.gitbook.io/open-data-mooc/unit-1-open-data-principles/lesson-1.1-what-is-open-data#id-5.-challenges">Однак
  “вільний” не завжди значить “відкритий”</ext-link>: часто потрібні
  додаткові кроки, щоби з інформації у вільному доступі зробити дані,
  доступні до використання.</p>
  <p>Доступність використання — важлива категорія. У Постанові КМУ № 835
  принцип “доступності використання” відкритих даних напряму
  пов’язується з машиночитаним форматом оприлюднених даних. А
  машиночитаність — зі структурованістю, що уможливлює обробку без
  участі людини (власне, машинну обробку). У тому ж документі визначено
  перелік структурованих форматів (розширень), що використовуються для
  оприлюднення наборів. Сюди відносяться .json, .csv, .xls(x) та
  інші.</p>
  <p>Але візьмемо набір даних
  “<ext-link ext-link-type="uri" xlink:href="https://data.gov.ua/dataset/8b9b1677-2407-454a-bfa7-76eb638c0ea1">Єдиний
  звіт про кримінальні правопорушення</ext-link>”, що оприлюднюється
  Генеральною Прокуратурою на Порталі відкритих даних. Цей набір даних
  оприлюднюється у структурованому форматі .xlsx і відтак, відповідно до
  визначень вище, відповідає принципу доступності використання. Втім,
  заглянуваши всередину опублікованих ресурсів (файлів) набору,
  побачимо, чому про “машиночитаність” та “доступність використання” тут
  можна говорити досить умовно:</p>
  <list list-type="bullet">
    <list-item>
      <p>Всередині однієї вкладки можуть розміщуватися кілька таблиць,
      одна під одною. Розрізнити їх між собою для роботи в середовищі
      розробки “без участі людини” складно.</p>
    </list-item>
    <list-item>
      <p>Самі таблиці використовуються для відображення ієрархічних
      структур даних: для прикладу, за рядком “Усього кримінальних
      правопорушень” слідують рядки з різнорівневими значеннями “з них”.
      Екселівські таблиці — не кращий спосіб відображення даних, що
      мають ієрархічну структуру.</p>
    </list-item>
    <list-item>
      <p>Назви колонок йдуть у кілька рядків, частина цих клітинок злита
      між собою, що далі ускладнює зчитування цих таблиць у середовище
      розробки.</p>
    </list-item>
    <list-item>
      <p>Значення колонок сумуються — це різновид дублювання даних і
      такі рядки треба додатково вичищати.</p>
    </list-item>
  </list>
  <p>На перший погляд маємо парадокс: набір даних опублікований у
  структурованому форматі .xlsx і тому є машиночитаним, але для
  прочитання в середовищі розробки (для машинної обробки) потребує
  суттєвої участі людини і тому не є машиночитаним. Цей парадокс зникає,
  коли детальніше дивимося на значення, в яких машиночитаність може
  використовуватись:</p>
  <list list-type="order">
    <list-item>
      <p>Машиночитаність як ступінь інтегрованості набору даних у мережу
      Інтернет<xref ref-type="fn" rid="fn2">2</xref>. Сюди відносяться
      вимоги та рекомендації, які дозволяють веб-ресурсам правильно і
      повно взаємодіяти один з одним. Публікація набору даних у
      структурованому форматі .xlsx — це вже приклад відповідності таким
      вимогам<xref ref-type="fn" rid="fn3">3</xref>. Концепція
      <italic>5-Star Linked Data</italic> Тіма Бернерса-Лі, про яку
      скажемо нижче, є найвідомішим прикладом рекомендацій щодо такої
      машиночитаності.</p>
    </list-item>
    <list-item>
      <p>Машиночитаність як чистота даних та відповідність
      використовуваних форматів потребам користувачів. Поняття tidy
      data, критерії Open Data certificate, важливість юз-кейсів/
      розуміння, хто буде користуватися наборами.</p>
    </list-item>
  </list>
</sec>
<sec id="машиночитаність-як-інтегрованість-набору-даних-у-мережу-інтернет">
  <title>2 Машиночитаність як інтегрованість набору даних у мережу
  Інтернет</title>
  <p>Цей гарний інтерактивний граф з Linked Open Data Cloud</p>
  <p>Зв’язані дані (переклад терміну Linked Data, який дещо губить
  контекст оскільки будь-які інші зміни неможливі без</p>
  <sec id="а.-5-star-linked">
    <title>2.1 а. 5-Star Linked</title>
  </sec>
</sec>
<sec id="sec-data-methods">
  <title>3 Машиночитаність як відповідність потребам
  користувачів</title>
</sec>
</body>

<back>
<fn-group>
  <fn id="fn1">
    <label>1</label><p><ext-link ext-link-type="uri" xlink:href="https://opendefinition.org/od/2.0/ua/">https://opendefinition.org/od/2.0/ua/</ext-link></p>
  </fn>
  <fn id="fn2">
    <label>2</label><p><ext-link ext-link-type="uri" xlink:href="https://blog.ldodds.com/2015/02/20/comparing-the-5-star-scheme-with-open-data-certificates/">https://blog.ldodds.com/2015/02/20/comparing-the-5-star-scheme-with-open-data-certificates/</ext-link></p>
  </fn>
  <fn id="fn3">
    <label>3</label><p><ext-link ext-link-type="uri" xlink:href="https://www.w3.org/2011/gld/wiki/5_Star_Linked_Data">https://www.w3.org/2011/gld/wiki/5_Star_Linked_Data</ext-link></p>
  </fn>
</fn-group>
</back>

<sub-article article-type="notebook" id="nb-4-nb-article">
<front-stub>
<title-group>
<article-title>Яка машиночитаність потрібна для доступності використання
відкритих даних</article-title>
</title-group>
<contrib-group>
<contrib contrib-type="author" corresp="yes">
<name>
<surname>Кузін</surname>
<given-names>Микола</given-names>
</name>
<string-name>Микола Кузін</string-name>

<email>m.kuzin@brdo.com.ua</email>
<xref ref-type="aff" rid="aff-1-nb-article">a</xref>
<xref ref-type="corresp" rid="cor-1-nb-article">&#x002A;</xref>
</contrib>
</contrib-group>
<aff id="aff-1-nb-article">
<institution-wrap>
<institution>BRDO</institution>
</institution-wrap>







</aff>
<author-notes>
<corresp id="cor-1-nb-article">m.kuzin@brdo.com.ua</corresp>
</author-notes>
<abstract>
<p>Машиночитаність — широкий термін, що може позначати як технічні
вимоги до оформлення веб-ресурсів, що уможливлює їхню автоматизовану
взаємодію в мережі Інтернет (для прикладу, концепція 5-Star Linked
Data), так і доступність (легкість) автоматизованої обробки з боку живих
користувачів. За кожним з цих значень стоять різні стандарти та практики
— і ці значення слід розрізняти між собою, готуючи набори відкритих
даних до публікації.</p>
</abstract>
</front-stub>

<body>
<sec id="відкриті-дані-вільний-доступ-vs-доступність-використання-nb-article">
  <title>1 Відкриті дані: вільний доступ vs доступність
  використання</title>
  <p>За визначенням Open Knowledge Foundation —розробників CKAN, на якій
  реалізований український Портал відкритих даних — “відкритість” даних
  полягає в тому, що будь-хто може мати до них вільний доступ, вільно
  використовувати, змінювати та ділитися
  ними<xref ref-type="fn" rid="fn1-nb-article">1</xref>.</p>
  <p><ext-link ext-link-type="uri" xlink:href="https://aims.gitbook.io/open-data-mooc/unit-1-open-data-principles/lesson-1.1-what-is-open-data#id-5.-challenges">Однак
  “вільний” не завжди значить “відкритий”</ext-link>: часто потрібні
  додаткові кроки, щоби з інформації у вільному доступі зробити дані,
  доступні до використання.</p>
  <p>Доступність використання — важлива категорія. У Постанові КМУ № 835
  принцип “доступності використання” відкритих даних напряму
  пов’язується з машиночитаним форматом оприлюднених даних. А
  машиночитаність — зі структурованістю, що уможливлює обробку без
  участі людини (власне, машинну обробку). У тому ж документі визначено
  перелік структурованих форматів (розширень), що використовуються для
  оприлюднення наборів. Сюди відносяться .json, .csv, .xls(x) та
  інші.</p>
  <p>Але візьмемо набір даних
  “<ext-link ext-link-type="uri" xlink:href="https://data.gov.ua/dataset/8b9b1677-2407-454a-bfa7-76eb638c0ea1">Єдиний
  звіт про кримінальні правопорушення</ext-link>”, що оприлюднюється
  Генеральною Прокуратурою на Порталі відкритих даних. Цей набір даних
  оприлюднюється у структурованому форматі .xlsx і відтак, відповідно до
  визначень вище, відповідає принципу доступності використання. Втім,
  заглянуваши всередину опублікованих ресурсів (файлів) набору,
  побачимо, чому про “машиночитаність” та “доступність використання” тут
  можна говорити досить умовно:</p>
  <list list-type="bullet">
    <list-item>
      <p>Всередині однієї вкладки можуть розміщуватися кілька таблиць,
      одна під одною. Розрізнити їх між собою для роботи в середовищі
      розробки “без участі людини” складно.</p>
    </list-item>
    <list-item>
      <p>Самі таблиці використовуються для відображення ієрархічних
      структур даних: для прикладу, за рядком “Усього кримінальних
      правопорушень” слідують рядки з різнорівневими значеннями “з них”.
      Екселівські таблиці — не кращий спосіб відображення даних, що
      мають ієрархічну структуру.</p>
    </list-item>
    <list-item>
      <p>Назви колонок йдуть у кілька рядків, частина цих клітинок злита
      між собою, що далі ускладнює зчитування цих таблиць у середовище
      розробки.</p>
    </list-item>
    <list-item>
      <p>Значення колонок сумуються — це різновид дублювання даних і
      такі рядки треба додатково вичищати.</p>
    </list-item>
  </list>
  <p>На перший погляд маємо парадокс: набір даних опублікований у
  структурованому форматі .xlsx і тому є машиночитаним, але для
  прочитання в середовищі розробки (для машинної обробки) потребує
  суттєвої участі людини і тому не є машиночитаним. Цей парадокс зникає,
  коли детальніше дивимося на значення, в яких машиночитаність може
  використовуватись:</p>
  <list list-type="order">
    <list-item>
      <p>Машиночитаність як ступінь інтегрованості набору даних у мережу
      Інтернет<xref ref-type="fn" rid="fn2-nb-article">2</xref>. Сюди відносяться
      вимоги та рекомендації, які дозволяють веб-ресурсам правильно і
      повно взаємодіяти один з одним. Публікація набору даних у
      структурованому форматі .xlsx — це вже приклад відповідності таким
      вимогам<xref ref-type="fn" rid="fn3-nb-article">3</xref>. Концепція
      <italic>5-Star Linked Data</italic> Тіма Бернерса-Лі, про яку
      скажемо нижче, є найвідомішим прикладом рекомендацій щодо такої
      машиночитаності.</p>
    </list-item>
    <list-item>
      <p>Машиночитаність як чистота даних та відповідність
      використовуваних форматів потребам користувачів. Поняття tidy
      data, критерії Open Data certificate, важливість юз-кейсів/
      розуміння, хто буде користуватися наборами.</p>
    </list-item>
  </list>
</sec>
<sec id="машиночитаність-як-інтегрованість-набору-даних-у-мережу-інтернет-nb-article">
  <title>2 Машиночитаність як інтегрованість набору даних у мережу
  Інтернет</title>
  <p>Цей гарний інтерактивний граф з Linked Open Data Cloud</p>
  <p>Зв’язані дані (переклад терміну Linked Data, який дещо губить
  контекст оскільки будь-які інші зміни неможливі без</p>
  <sec id="а.-5-star-linked-nb-article">
    <title>2.1 а. 5-Star Linked</title>
  </sec>
</sec>
<sec id="sec-data-methods-nb-article">
  <title>3 Машиночитаність як відповідність потребам
  користувачів</title>
</sec>
</body>



<back>
<fn-group>
  <fn id="fn1-nb-article">
    <label>1</label><p><ext-link ext-link-type="uri" xlink:href="https://opendefinition.org/od/2.0/ua/">https://opendefinition.org/od/2.0/ua/</ext-link></p>
  </fn>
  <fn id="fn2-nb-article">
    <label>2</label><p><ext-link ext-link-type="uri" xlink:href="https://blog.ldodds.com/2015/02/20/comparing-the-5-star-scheme-with-open-data-certificates/">https://blog.ldodds.com/2015/02/20/comparing-the-5-star-scheme-with-open-data-certificates/</ext-link></p>
  </fn>
  <fn id="fn3-nb-article">
    <label>3</label><p><ext-link ext-link-type="uri" xlink:href="https://www.w3.org/2011/gld/wiki/5_Star_Linked_Data">https://www.w3.org/2011/gld/wiki/5_Star_Linked_Data</ext-link></p>
  </fn>
</fn-group>
</back>


</sub-article>

</article>