<?xml version="1.0" encoding="utf-8" ?>
<!DOCTYPE article PUBLIC "-//NLM//DTD JATS (Z39.96) Journal Archiving
and Interchange DTD v1.2 20190208//EN" "JATS-archivearticle1.dtd">

<article xmlns:mml="http://www.w3.org/1998/Math/MathML" xmlns:xlink="http://www.w3.org/1999/xlink" dtd-version="1.2" article-type="other">

<front>


<article-meta>


<title-group>
<article-title>Яка машиночитаність потрібна для доступності використання
відкритих даних</article-title>
</title-group>

<contrib-group>
<contrib contrib-type="author" corresp="yes">
<name>
<surname>Кузін</surname>
<given-names>Микола</given-names>
</name>
<string-name>Микола Кузін</string-name>

<email>m.kuzin@brdo.com.ua</email>
<xref ref-type="aff" rid="aff-1">a</xref>
<xref ref-type="corresp" rid="cor-1">&#x002A;</xref>
</contrib>
</contrib-group>
<aff id="aff-1">
<institution-wrap>
<institution>BRDO</institution>
</institution-wrap>







</aff>
<author-notes>
<corresp id="cor-1">m.kuzin@brdo.com.ua</corresp>
</author-notes>









<history></history>


<abstract>
<p>Говорячи про машиночитаність, слід розрізняти</p>
</abstract>
<kwd-group kwd-group-type="author">
<kwd>машиночитаність</kwd>
<kwd>відкриті дані</kwd>
</kwd-group>




</article-meta>

</front>

<body>
<sec id="вільний-доступ-vs-доступність-використання-відкритих-даних">
  <title>1 Вільний доступ vs доступність використання відкритих
  даних</title>
  <p>За визначенням Open Knowledge Foundation, розробників CKAN, на якій
  реалізований український Портал відкритих даних, “відкритість” даних
  полягає в тому, що будь-хто може мати до них вільний доступ, вільно
  використовувати, змінювати та ділитися ними.</p>
  <p>Однак “вільний” не завжди значить “відкритий”: часто потрібні
  додаткові кроки, щоби з інформації у вільному доступі зробити дані,
  доступні до використання.</p>
  <p>У Постанові КМУ № 835 “доступність використання” відкритих даних
  напряму пов’язується з машиночитаним форматом оприлюднених даних. А
  машиночитаність — зі структурованістю даних, що уможливлює обробку без
  участі людини (власне, машинну обробку). У Постанові також визначено
  перелік форматів (розширень) структурованих</p>
  <p>Подивимося на значення машиночитаності в контексті відкритих даних
  і поміркуємо</p>
  <p>Free is not Always Open. Making data freely available is only the
  first step in making it open for all to reuse. There are layers of
  barriers between information that anyone can get and data that anyone
  can use. This is because making the data open is not always about
  licences or the format issues, but it is also about comprehension and
  access. Open data should not require additional time, resources and
  expertise to be used.</p>
  <p>“Open means anyone can freely access, use, modify, and
  share for any purpose (subject, at most, to requirements that preserve
  provenance and openness).”</p>
  <p>Тому при відкритті даних слід зважати не лише на ліцензії та
  формати даних, а й на сприйняття та доступність користувачеві.</p>
  <p>Based on data up to and including 1971, eruptions on La Palma
  happen every
  <monospace>{r} round(avg_years_between_eruptions, 1)</monospace> years
  on average.</p>
  <p>Studies of the magma systems feeding the volcano, save proposed
  that there are two main magma reservoirs feeding the Cumbre Vieja
  volcano; one in the mantle (30-40km depth) which charges and in turn
  feeds a shallower crustal reservoir (10-20km depth).</p>
  <p>Eight eruptions have been recorded since the late 1400</p>
  <p>Data and methods are discus</p>
  <p>Let <inline-formula><alternatives>
  <tex-math><![CDATA[x]]></tex-math>
  <mml:math display="inline" xmlns:mml="http://www.w3.org/1998/Math/MathML"><mml:mi>x</mml:mi></mml:math></alternatives></inline-formula>
  denote the number of eruptions in a year. Then,
  <inline-formula><alternatives>
  <tex-math><![CDATA[x]]></tex-math>
  <mml:math display="inline" xmlns:mml="http://www.w3.org/1998/Math/MathML"><mml:mi>x</mml:mi></mml:math></alternatives></inline-formula>
  can be modeled by a Poisson distribution</p>
  <p><styled-content id="eq-poisson"><disp-formula><alternatives>
  <tex-math><![CDATA[
  p(x) = \frac{e^{-\lambda} \lambda^{x}}{x !}
   \qquad(1)]]></tex-math>
  <mml:math display="block" xmlns:mml="http://www.w3.org/1998/Math/MathML"><mml:mrow><mml:mi>p</mml:mi><mml:mrow><mml:mo stretchy="true" form="prefix">(</mml:mo><mml:mi>x</mml:mi><mml:mo stretchy="true" form="postfix">)</mml:mo></mml:mrow><mml:mo>=</mml:mo><mml:mfrac><mml:mrow><mml:msup><mml:mi>e</mml:mi><mml:mrow><mml:mi>−</mml:mi><mml:mi>λ</mml:mi></mml:mrow></mml:msup><mml:msup><mml:mi>λ</mml:mi><mml:mi>x</mml:mi></mml:msup></mml:mrow><mml:mrow><mml:mi>x</mml:mi><mml:mi>!</mml:mi></mml:mrow></mml:mfrac><mml:mspace width="2.0em"></mml:mspace><mml:mrow><mml:mo stretchy="true" form="prefix">(</mml:mo><mml:mn>1</mml:mn><mml:mo stretchy="true" form="postfix">)</mml:mo></mml:mrow></mml:mrow></mml:math></alternatives></disp-formula></styled-content></p>
  <p>where <inline-formula><alternatives>
  <tex-math><![CDATA[\lambda]]></tex-math>
  <mml:math display="inline" xmlns:mml="http://www.w3.org/1998/Math/MathML"><mml:mi>λ</mml:mi></mml:math></alternatives></inline-formula>
  is the rate of eruptions per year. robability of an eruption in the
  next <inline-formula><alternatives>
  <tex-math><![CDATA[t]]></tex-math>
  <mml:math display="inline" xmlns:mml="http://www.w3.org/1998/Math/MathML"><mml:mi>t</mml:mi></mml:math></alternatives></inline-formula>
  years can be calculated.</p>
  <fig id="tbl-history">
    <caption><p>Table 1: Recent historic eruptions on La
    Palma</p></caption>
    <table-wrap>
      <table>
        <thead>
          <tr>
            <th>Name</th>
            <th>Year</th>
          </tr>
        </thead>
        <tbody>
          <tr>
            <td>Current</td>
            <td>2021</td>
          </tr>
          <tr>
            <td>Teneguía</td>
            <td>1971</td>
          </tr>
          <tr>
            <td>Nambroque</td>
            <td>1949</td>
          </tr>
          <tr>
            <td>El Charco</td>
            <td>1712</td>
          </tr>
          <tr>
            <td>Volcán San Antonio</td>
            <td>1677</td>
          </tr>
          <tr>
            <td>Volcán San Martin</td>
            <td>1646</td>
          </tr>
          <tr>
            <td>Tajuya near El Paso</td>
            <td>1585</td>
          </tr>
          <tr>
            <td>Montaña Quemada</td>
            <td>1492</td>
          </tr>
        </tbody>
      </table>
    </table-wrap>
  </fig>
  <p>the eruptions recorded since the colonization of the islands by
  Europeans in the late 1400s.</p>
  <fig id="fig-map">
    <caption><p>Figure 1: Map of La Palma</p></caption>
    <graphic mimetype="image" mime-subtype="png" xlink:href="images/la-palma-map.png" />
  </fig>
  <p>La Palma is one of the west most islands in the Volcanic
  Archipelago of the Canary Islan</p>
</sec>
<sec id="sec-data-methods">
  <title>2 Data &amp; Methods</title>
</sec>
<sec id="conclusion">
  <title>3 Conclusion</title>
</sec>
</body>

<back>
</back>

<sub-article article-type="notebook" id="nb-8-nb-article">
<front-stub>
<title-group>
<article-title>Яка машиночитаність потрібна для доступності використання
відкритих даних</article-title>
</title-group>
<contrib-group>
<contrib contrib-type="author" corresp="yes">
<name>
<surname>Кузін</surname>
<given-names>Микола</given-names>
</name>
<string-name>Микола Кузін</string-name>

<email>m.kuzin@brdo.com.ua</email>
<xref ref-type="aff" rid="aff-1-nb-article">a</xref>
<xref ref-type="corresp" rid="cor-1-nb-article">&#x002A;</xref>
</contrib>
</contrib-group>
<aff id="aff-1-nb-article">
<institution-wrap>
<institution>BRDO</institution>
</institution-wrap>







</aff>
<author-notes>
<corresp id="cor-1-nb-article">m.kuzin@brdo.com.ua</corresp>
</author-notes>
<abstract>
<p>Говорячи про машиночитаність, слід розрізняти</p>
</abstract>
</front-stub>

<body>
<sec id="вільний-доступ-vs-доступність-використання-відкритих-даних-nb-article">
  <title>1 Вільний доступ vs доступність використання відкритих
  даних</title>
  <p>За визначенням Open Knowledge Foundation, розробників CKAN, на якій
  реалізований український Портал відкритих даних, “відкритість” даних
  полягає в тому, що будь-хто може мати до них вільний доступ, вільно
  використовувати, змінювати та ділитися ними.</p>
  <p>Однак “вільний” не завжди значить “відкритий”: часто потрібні
  додаткові кроки, щоби з інформації у вільному доступі зробити дані,
  доступні до використання.</p>
  <p>У Постанові КМУ № 835 “доступність використання” відкритих даних
  напряму пов’язується з машиночитаним форматом оприлюднених даних. А
  машиночитаність — зі структурованістю даних, що уможливлює обробку без
  участі людини (власне, машинну обробку). У Постанові також визначено
  перелік форматів (розширень) структурованих</p>
  <p>Подивимося на значення машиночитаності в контексті відкритих даних
  і поміркуємо</p>
  <p>Free is not Always Open. Making data freely available is only the
  first step in making it open for all to reuse. There are layers of
  barriers between information that anyone can get and data that anyone
  can use. This is because making the data open is not always about
  licences or the format issues, but it is also about comprehension and
  access. Open data should not require additional time, resources and
  expertise to be used.</p>
  <p>“Open means anyone can freely access, use, modify, and
  share for any purpose (subject, at most, to requirements that preserve
  provenance and openness).”</p>
  <p>Тому при відкритті даних слід зважати не лише на ліцензії та
  формати даних, а й на сприйняття та доступність користувачеві.</p>
  <p>Based on data up to and including 1971, eruptions on La Palma
  happen every
  <monospace>{r} round(avg_years_between_eruptions, 1)</monospace> years
  on average.</p>
  <p>Studies of the magma systems feeding the volcano, save proposed
  that there are two main magma reservoirs feeding the Cumbre Vieja
  volcano; one in the mantle (30-40km depth) which charges and in turn
  feeds a shallower crustal reservoir (10-20km depth).</p>
  <p>Eight eruptions have been recorded since the late 1400</p>
  <p>Data and methods are discus</p>
  <p>Let <inline-formula><alternatives>
  <tex-math><![CDATA[x]]></tex-math>
  <mml:math display="inline" xmlns:mml="http://www.w3.org/1998/Math/MathML"><mml:mi>x</mml:mi></mml:math></alternatives></inline-formula>
  denote the number of eruptions in a year. Then,
  <inline-formula><alternatives>
  <tex-math><![CDATA[x]]></tex-math>
  <mml:math display="inline" xmlns:mml="http://www.w3.org/1998/Math/MathML"><mml:mi>x</mml:mi></mml:math></alternatives></inline-formula>
  can be modeled by a Poisson distribution</p>
  <p><styled-content id="eq-poisson-nb-article"><disp-formula><alternatives>
  <tex-math><![CDATA[
  p(x) = \frac{e^{-\lambda} \lambda^{x}}{x !}
   \qquad(1)]]></tex-math>
  <mml:math display="block" xmlns:mml="http://www.w3.org/1998/Math/MathML"><mml:mrow><mml:mi>p</mml:mi><mml:mrow><mml:mo stretchy="true" form="prefix">(</mml:mo><mml:mi>x</mml:mi><mml:mo stretchy="true" form="postfix">)</mml:mo></mml:mrow><mml:mo>=</mml:mo><mml:mfrac><mml:mrow><mml:msup><mml:mi>e</mml:mi><mml:mrow><mml:mi>−</mml:mi><mml:mi>λ</mml:mi></mml:mrow></mml:msup><mml:msup><mml:mi>λ</mml:mi><mml:mi>x</mml:mi></mml:msup></mml:mrow><mml:mrow><mml:mi>x</mml:mi><mml:mi>!</mml:mi></mml:mrow></mml:mfrac><mml:mspace width="2.0em"></mml:mspace><mml:mrow><mml:mo stretchy="true" form="prefix">(</mml:mo><mml:mn>1</mml:mn><mml:mo stretchy="true" form="postfix">)</mml:mo></mml:mrow></mml:mrow></mml:math></alternatives></disp-formula></styled-content></p>
  <p>where <inline-formula><alternatives>
  <tex-math><![CDATA[\lambda]]></tex-math>
  <mml:math display="inline" xmlns:mml="http://www.w3.org/1998/Math/MathML"><mml:mi>λ</mml:mi></mml:math></alternatives></inline-formula>
  is the rate of eruptions per year. robability of an eruption in the
  next <inline-formula><alternatives>
  <tex-math><![CDATA[t]]></tex-math>
  <mml:math display="inline" xmlns:mml="http://www.w3.org/1998/Math/MathML"><mml:mi>t</mml:mi></mml:math></alternatives></inline-formula>
  years can be calculated.</p>
  <fig id="tbl-history-nb-article">
    <caption><p>Table 1: Recent historic eruptions on La
    Palma</p></caption>
    <table-wrap>
      <table>
        <thead>
          <tr>
            <th>Name</th>
            <th>Year</th>
          </tr>
        </thead>
        <tbody>
          <tr>
            <td>Current</td>
            <td>2021</td>
          </tr>
          <tr>
            <td>Teneguía</td>
            <td>1971</td>
          </tr>
          <tr>
            <td>Nambroque</td>
            <td>1949</td>
          </tr>
          <tr>
            <td>El Charco</td>
            <td>1712</td>
          </tr>
          <tr>
            <td>Volcán San Antonio</td>
            <td>1677</td>
          </tr>
          <tr>
            <td>Volcán San Martin</td>
            <td>1646</td>
          </tr>
          <tr>
            <td>Tajuya near El Paso</td>
            <td>1585</td>
          </tr>
          <tr>
            <td>Montaña Quemada</td>
            <td>1492</td>
          </tr>
        </tbody>
      </table>
    </table-wrap>
  </fig>
  <p>the eruptions recorded since the colonization of the islands by
  Europeans in the late 1400s.</p>
  <fig id="fig-map-nb-article">
    <caption><p>Figure 1: Map of La Palma</p></caption>
    <graphic mimetype="image" mime-subtype="png" xlink:href="images/la-palma-map.png" />
  </fig>
  <p>La Palma is one of the west most islands in the Volcanic
  Archipelago of the Canary Islan</p>
</sec>
<sec id="sec-data-methods-nb-article">
  <title>2 Data &amp; Methods</title>
</sec>
<sec id="conclusion-nb-article">
  <title>3 Conclusion</title>
</sec>
</body>



<back>
</back>


</sub-article>
<sub-article article-type="notebook" id="nb-4-nb-1">
<front-stub>
<title-group>
<article-title>Explore Earthquakes</article-title>
</title-group>
<contrib-group>
<contrib contrib-type="author">
<name>
<surname>Wickham</surname>
<given-names>Charlotte</given-names>
</name>
<string-name>Charlotte Wickham</string-name>

</contrib>
</contrib-group>
</front-stub>

<body>
<sec specific-use="notebook-content">
<code language="r script">library(tidyverse)
</code>
<boxed-text>
  <preformat>── Attaching core tidyverse packages ──────────────────────── tidyverse 2.0.0 ──
✔ dplyr     1.1.4     ✔ readr     2.1.5
✔ forcats   1.0.0     ✔ stringr   1.5.1
✔ ggplot2   3.5.0     ✔ tibble    3.2.1
✔ lubridate 1.9.3     ✔ tidyr     1.3.1
✔ purrr     1.0.2     
── Conflicts ────────────────────────────────────────── tidyverse_conflicts() ──
✖ dplyr::filter() masks stats::filter()
✖ dplyr::lag()    masks stats::lag()
ℹ Use the conflicted package (&lt;http://conflicted.r-lib.org/&gt;) to force all conflicts to become errors</preformat>
</boxed-text>
</sec>
<p>Read a clean version of data:</p>
<sec specific-use="notebook-content">
<code language="r script">la_palma &lt;- read_csv(&quot;la-palma.csv&quot;)
</code>
<boxed-text>
  <preformat>Rows: 11347 Columns: 5
── Column specification ────────────────────────────────────────────────────────
Delimiter: &quot;,&quot;
dbl  (4): Longitude, Latitude, Depth(km), Magnitude
dttm (1): DateTime

ℹ Use `spec()` to retrieve the full column specification for this data.
ℹ Specify the column types or set `show_col_types = FALSE` to quiet this message.</preformat>
</boxed-text>
</sec>
<p>Create spatial plot:</p>
<sec id="cell-fig-spatial-plot-nb-1" specific-use="notebook-content">
<code language="r script">#|   against longitude.&quot;
la_palma |&gt; 
  ggplot(aes(Longitude, Latitude)) +
  geom_point(aes(color = Magnitude, size = 40-`Depth(km)`)) +
  scale_color_viridis_c(direction = -1) + 
  scale_size(range = c(0.5, 2), guide = &quot;none&quot;) +
  theme_bw()
</code>
<fig id="fig-spatial-plot-nb-1">
  <caption><p>Locations of earthquakes on La Palma since
  2017</p></caption>
  <graphic mimetype="image" mime-subtype="png" xlink:href="explore-earthquakes_files/figure-jats/fig-spatial-plot-1.png" />
</fig>
</sec>
</body>



<back>
</back>


</sub-article>

</article>